{
  "generated_at": "2025-11-30T17:21:01.029165+00:00",
  "report_path": "reports\\obedience_report.json",
  "total": 50,
  "valid_count": 50,
  "valid_rate": 1.0,
  "avg_confidence": 0.39999999999999986,
  "exit_code": 0
}