{"timestamp":"2025-11-29T01:28:33+05:30","obedience_valid_rate":1.0,"bench_p50_ms":9.394399996381253,"bench_p95_ms":10.306220001075417,"bench_peak_rss_mb":0.0,"quantize_pass":false,"notes":["quantize pass inferred from status field"]}