{
  "runs": 1,
  "warmups": 1,
  "model_path": null,
  "latencies_ms": {
    "p50": 10081.729900004575,
    "p95": 10081.729900004575
  },
  "peak_rss": 9772134400
}