{
  "runs": 1,
  "warmups": 1,
  "model_path": null,
  "latencies_ms": {
    "p50": 5885.316200001398,
    "p95": 5885.316200001398
  },
  "peak_rss": 10450034688
}